{"api/pixtral-12b-2409/retries":0,"_step":4,"api/pixtral-12b-2409/success":1,"_wandb":{"runtime":8},"_timestamp":1.772349771521323e+09,"pipeline/vision/actual_fps":0.5662333643879608,"api/pixtral-12b-2409/error":0,"pipeline/vision/elapsed_s":1.7660562992095947,"pipeline/vision/target_fps":0.5,"api/pixtral-12b-2409/prompt_tokens":1207,"api/pixtral-12b-2409/completion_tokens":131,"pipeline/vision/fps_ratio":1.1324667287759216,"api/pixtral-12b-2409/total_tokens":1338,"api/pixtral-12b-2409/latency_s":1.7055725830000021,"_runtime":8.10216225}